Abordagem,Modelo,Normalização,MAE_mean,MAE_std,RMSE_mean,n_CPEs,label
Séries Temporais,Baseline,N/A,1.1669642857142857,0.8731521020154326,1.6948711158278933,5,"Baseline
(Séries Tem)"
Séries Temporais,ARIMA,N/A,0.9082871271946511,0.7695963160240168,1.305736344277103,5,"ARIMA
(Séries Tem)"
Séries Temporais,LSTM,Sim (LSTM),1.1868480733462738,1.2033039006431914,1.5174379735677592,5,"LSTM
(Séries Tem)"
Features Agregadas,MLP,Não,1.0425261230374614,0.802986951846344,1.5193529347570487,5,"MLP
(Features A)"
Features Agregadas,MLP,Sim,1.34738741617717,1.2285699583158736,1.7956682287867145,5,"MLP
(Features A)"
Features Agregadas,RF,Não,1.2085035053708817,1.1592969804867592,1.5606960248248296,5,"RF
(Features A)"
Features Agregadas,RF,Sim,1.2097163443964638,1.16180046475806,1.5621158017541217,5,"RF
(Features A)"
Features Agregadas,XGBoost,Não,1.4401463426213688,1.5323339509660119,1.8361640908941197,5,"XGBoost
(Features A)"
Features Agregadas,XGBoost,Sim,1.4401463426213688,1.5323339509660119,1.8361640908941197,5,"XGBoost
(Features A)"
