Abordagem,Modelo,Normalização,MAE_mean,MAE_std,RMSE_mean,n_CPEs,label
Séries Temporais,Baseline,N/A,1.2245535714285714,1.0283075357794984,2.0028826404834605,10,"Baseline
(Séries Tem)"
Séries Temporais,ARIMA,N/A,0.8042418262547951,0.5571627319145699,1.1762219380782695,10,"ARIMA
(Séries Tem)"
Séries Temporais,LSTM,Sim (LSTM),1.048818043455304,0.9384064482433413,1.3824389546555325,10,"LSTM
(Séries Tem)"
Features Agregadas,MLP,Não,1.6748986784126978,1.3681167037584707,2.574239770458397,10,"MLP
(Features A)"
Features Agregadas,MLP,Sim,1.8299490648510646,1.3824964355192129,2.7865291567671138,10,"MLP
(Features A)"
Features Agregadas,RF,Não,1.6869009347918955,1.3070399014455747,2.429782690286482,10,"RF
(Features A)"
Features Agregadas,RF,Sim,1.6856144851506212,1.3056192821310066,2.4288133179422853,10,"RF
(Features A)"
Features Agregadas,XGBoost,Não,1.9100635869486802,1.5510993477330683,2.7234929477631757,10,"XGBoost
(Features A)"
Features Agregadas,XGBoost,Sim,1.9100635869486802,1.5510993477330683,2.7234929477631757,10,"XGBoost
(Features A)"
